[
            {
              "label": "Slim",
              "value": "1"
            }, {
              "label": "Petite",
              "value": "2"
            },{
              "label": "Average/Medium",
              "value": "3"
            }, {
              "label": "Athletic",
              "value": "4"
            },{
              "label": "Muscular",
              "value": "5"
            },{
              "label": "A Little Curvy",
              "value": "6"
            },{
              "label": "Voluptuous",
              "value": "7"
            },{
              "label": "Cuddly",
              "value": "8"
            },{
              "label": "Slightly Overweight",
              "value": "9"
            },{
              "label": "Large/Full",
              "value": "10"
            },{
              "label": "Very Large",
              "value": "11"
            }
          ]