[
  {
    "label": "No formal education",
    "value": "1"
  }, {
    "label": "Primary education",
    "value": "2"
  }, {
    "label": "Secondary education or high school",
    "value": "3"
  }, {
    "label": "GED",
    "value": "4"
  }, {
    "label": "Vocational qualification",
    "value": "5"
  }, {
    "label": "Bachelor's degree",
    "value": "6"
  }, {
    "label": "Master's degree",
    "value": "7"
  }, {
    "label": "Doctorate or higher",
    "value": "8"
  }
]