[
  {
    "label": "Asian",
    "value": "1"
  }, {
    "label": "Black African",
    "value": "2"
  }, {
    "label": "Caucasian/White",
    "value": "3"
  }, {
    "label": "East Indian",
    "value": "4"
  }, {
    "label": "Hispanic/Latino",
    "value": "5"
  }, {
    "label": "Middle Eastern",
    "value": "6"
  }, {
    "label": "Native American",
    "value": "7"
  }, {
    "label": "Native Australian",
    "value": "8"
  }, {
    "label": "Other",
    "value": "9"
  }
]