[
  {
    "label": "Black",
    "value": "1"
  }, {
    "label": "Dark Brown",
    "value": "2"
  },{
    "label": "Light Brown",
    "value": "3"
  }, {
    "label": "Dark Blonde",
    "value": "4"
  },{
    "label": "Light Blonde",
    "value": "5"
  }, {
    "label": "Red",
    "value": "6"
  },{
    "label": "Auburn",
    "value": "7"
  },{
    "label": "Grey",
    "value": "8"
  }, {
    "label": "Greying",
    "value": "9"
  },{
    "label": "Other",
    "value": "10"
  }
]