[
  {
    "label": "Below £15K / year",
    "value": "1"
  }, {
    "label": "£15K - £20K / year",
    "value": "2"
  }, {
    "label": "£20K - £25K / year",
    "value": "3"
  }, {
    "label": "£25K - £30K / year",
    "value": "4"
  }, {
    "label": "£30K - £40K / year",
    "value": "5"
  }, {
    "label": "£40K - £50K / year",
    "value": "6"
  }, {
    "label": "£50K - £75K / year",
    "value": "7"
  }, {
    "label": "£75K - £100K / year",
    "value": "8"
  }, {
    "label": "Above £100K / year",
    "value": "9"
  }
]