[
  {
    "label": "Advertising, Media & Entertainment",
    "value": "1"
  }, {
    "label": "Agriculture, Forestry & Fishing",
    "value": "2"
  }, {
    "label": "Call Centre & Customer Services",
    "value": "3"
  }, {
    "label": "Community & Sport",
    "value": "4"
  }, {
    "label": "Construction & Civil Engineering",
    "value": "5"
  }, {
    "label": "Consulting & Corporate Strategy",
    "value": "6"
  }, {
    "label": "Defence, Military & Armed Forces",
    "value": "7"
  }, {
    "label": "Education",
    "value": "8"
  }, {
    "label": "Engineering",
    "value": "9"
  }, {
    "label": "Finance, Accounting & Banking",
    "value": "10"
  }, {
    "label": "Food & Hospitality",
    "value": "11"
  }, {
    "label": "Healthcare & Medical",
    "value": "12"
  }, {
    "label": "HR & Recruitment",
    "value": "13"
  }, {
    "label": "IT & Telecommunications",
    "value": "14"
  }, {
    "label": "Legal",
    "value": "15"
  }, {
    "label": "Manufacturing",
    "value": "16"
  }, {
    "label": "Mining, Energy, Oil & Gas",
    "value": "17"
  }, {
    "label": "Office & Administration",
    "value": "18"
  }, {
    "label": "Real Estate & Property",
    "value": "19"
  }, {
    "label": "Retail & Consumer Products",
    "value": "20"
  }, {
    "label": "Sales & Marketing",
    "value": "21"
  }, {
    "label": "Science, Biotech & Pharmaceuticals",
    "value": "22"
  }, {
    "label": "Self Employmenty",
    "value": "23"
  }, {
    "label": "Trades & Services",
    "value": "24"
  }, {
    "label": "Transport & Logistics",
    "value": "25"
  }, {
    "label": "Travel & Tourism",
    "value": "26"
  }, {
    "label": "Other",
    "value": "27"
  }
]