[
  {
    "label": "Atheist",
    "value": "1"
  }, {
    "label": "Agnostic",
    "value": "2"
  }, {
    "label": "Buddhist/Taoist",
    "value": "3"
  }, {
    "label": "Christian",
    "value": "4"
  }, {
    "label": "Hindu",
    "value": "5"
  }, {
    "label": "Jewish",
    "value": "6"
  }, {
    "label": "Muslim/Islam",
    "value": "7"
  }, {
    "label": "Shintu",
    "value": "8"
  }, {
    "label": "Sikh",
    "value": "9"
  }, {
    "label": "Spiritual",
    "value": "10"
  }, {
    "label": "Other",
    "value": "11"
  }
]