[
  {
    "label": "Night clubs",
    "value": "0"
  }, {
    "label": "Strip clubs",
    "value": "1"
  }, {
    "label": "Fetish clubs",
    "value": "2"
  }, {
    "label": "Adult movies at home",
    "value": "3"
  } , {
    "label": "Adult movies at cinema",
    "value": "4"
  }, {
    "label": "Swinging parties",
    "value": "5"
  }, {
    "label": "S&M clubs",
    "value": "6"
  }, {
    "label": "Visiting adult shops",
    "value": "7"
  }, {
    "label": "Dogging",
    "value": "8"
  }, {
    "label": "Oral - receiving",
    "value": "9"
  }, {
    "label": "Oral - giving",
    "value": "10"
  }, {
    "label": "Rimming - receiving",
    "value": "11"
  }, {
    "label": "Rimming - giving",
    "value": "12"
  }, {
    "label": "Anal",
    "value": "13"
  }, {
    "label": "Mutual Play",
    "value": "14"
  }, {
    "label": "Role Playing",
    "value": "15"
  }, {
    "label": "Voyeurism",
    "value": "16"
  }, {
    "label": "Cross dressing",
    "value": "17"
  }, {
    "label": "Public games",
    "value": "18"
  }, {
    "label": "Fun with food",
    "value": "19"
  }, {
    "label": "Orgies",
    "value": "20"
  }, {
    "label": "Water sports",
    "value": "21"
  }
]